-- phpMyAdmin SQL Dump
-- version 4.4.15.9
-- https://www.phpmyadmin.net
--
-- Хост: localhost
-- Время создания: Май 10 2018 г., 10:47
-- Версия сервера: 5.6.37
-- Версия PHP: 5.5.31

SET SQL_MODE = "NO_AUTO_VALUE_ON_ZERO";
SET time_zone = "+00:00";


/*!40101 SET @OLD_CHARACTER_SET_CLIENT=@@CHARACTER_SET_CLIENT */;
/*!40101 SET @OLD_CHARACTER_SET_RESULTS=@@CHARACTER_SET_RESULTS */;
/*!40101 SET @OLD_COLLATION_CONNECTION=@@COLLATION_CONNECTION */;
/*!40101 SET NAMES utf8mb4 */;

--
-- База данных: `project`
--

-- --------------------------------------------------------

--
-- Структура таблицы `categories`
--

CREATE TABLE IF NOT EXISTS `categories` (
  `category_id` int(11) NOT NULL,
  `category_name` varchar(255) CHARACTER SET utf8 NOT NULL,
  `category_image` varchar(255) CHARACTER SET utf8 NOT NULL,
  `title` varchar(255) CHARACTER SET utf8 NOT NULL,
  `meta_description` text CHARACTER SET utf8 NOT NULL,
  `category_description` text CHARACTER SET utf8 NOT NULL
) ENGINE=MyISAM AUTO_INCREMENT=57 DEFAULT CHARSET=utf32;

--
-- Дамп данных таблицы `categories`
--

INSERT INTO `categories` (`category_id`, `category_name`, `category_image`, `title`, `meta_description`, `category_description`) VALUES
(1, 'Политика', '', '', '', ''),
(2, 'Спорт', '', '', '', ''),
(3, 'Финансы', '', '', '', '');

-- --------------------------------------------------------

--
-- Структура таблицы `information`
--

CREATE TABLE IF NOT EXISTS `information` (
  `information_id` int(11) NOT NULL,
  `information_name` varchar(255) NOT NULL,
  `title` varchar(255) NOT NULL,
  `meta_description` text NOT NULL,
  `categoty_description` text NOT NULL
) ENGINE=MyISAM AUTO_INCREMENT=13 DEFAULT CHARSET=utf8;

--
-- Дамп данных таблицы `information`
--

INSERT INTO `information` (`information_id`, `information_name`, `title`, `meta_description`, `categoty_description`) VALUES
(1, 'Adress', 'Наш адрес:', '', 'Харьков, Проспект Победы'),
(2, 'Tel', 'Наши телефоны:', '', '057 6677881'),
(3, 'About us', 'О нас', '', 'Наш портал был создан в 1998 году. Мы стараемся предоставить самые свежие новости! ');

-- --------------------------------------------------------

--
-- Структура таблицы `news`
--

CREATE TABLE IF NOT EXISTS `news` (
  `news_id` int(11) NOT NULL,
  `category_id` int(11) NOT NULL,
  `news_name` varchar(255) NOT NULL,
  `description` text NOT NULL,
  `short_description` text NOT NULL,
  `news_image` varchar(255) NOT NULL,
  `date` date NOT NULL,
  `title` varchar(255) NOT NULL,
  `meta_description` text NOT NULL
) ENGINE=MyISAM AUTO_INCREMENT=57 DEFAULT CHARSET=utf8;

--
-- Дамп данных таблицы `news`
--

INSERT INTO `news` (`news_id`, `category_id`, `news_name`, `description`, `short_description`, `news_image`, `date`, `title`, `meta_description`) VALUES
(1, 1, '', 'Плівки Онищенка – справжні. Так само, як і плівки Мельниченка. Сумніватися в цьому немає жодного сенсу – хіба ми і без плівок не знаємо, що наші правителі крадуть, привласнюють сотні мільйонів бюджетних грошей, використовують крадені гроші для підгортання електорату на виборах, топлять один одного в компроматі, відсуваючи від корита, і домовляються з заклятими ворогами , щоб іще більше красти? ..\r\n\r\nМи це знаємо, ми це завжди знали. Тому не буде ніякого онищенко-ґейта, не піде Порошенко у відставку, і може, навіть виграє чергові вибори. Чи не буде нічого, оскільки злодійством нас не здивувати. Країна така.\r\n\r\nМи прекрасно знали, вибираючи Петра Олексійовича, що не може одна людина за якихось 20 років державної служби стати власником найбільшого кондитерського бізнесу в Європі і сотень інших заводів і фабрик, назв яких він навіть не знає. І не могла людина, вірою і правдою служила Кучмі, який працював кумом Ющенка, міністром Януковича, раптом відразу стати демократом і правдолюбом. Стати чесним і патріотичним. Не міг…\r\n\r\nУся ця метушня з плівками, з книгою, з можливим розслідуванням у НАБУ і може бути навіть у ФБР переслідує тільки одну мету – зробити президента поступливішим, змусити поділитися повноваженнями, посадами, потоками, грошима … Не посміє НАБУ зачепити вінценосця, не стануть американці топити компромісного Порошенко, не чіпатимуть його і в Кремлі – він усім їм потрібен. Просто пацани хочуть з ним домовитися, щоб менше хапати, і більше їм залишав. Ось і вся історія, в якій Онищенко виконує ту ж саму роль, яку виконував при Порошенко, – роль «брудних рук», які смикають за ниточки інші, «чисті руки».\r\n\r\nДжерело: Юрій Касьянов', 'Юрій Касьянов: «Плівками Онищенка» Порошенка хочуть посунути від корита', '/pr/image/YUriy-Kas-yanov-volonter-gromads-ky-y-akty-vist-2-e1463841849162.jpg', '2018-04-21', '', ''),
(2, 1, '', 'Премьер-министр Владимир Гройсман вводит новый формат сотрудничества с регионами: открытые дискуссии губернаторов с чиновниками.\r\n\r\n"Уровень взаимодействия, который есть на сегодняшний день, он является недостаточным, недостаточным, чтобы максимально эффективно решать те задачи, которые стоят перед нами. Если речь идет о том, что мы передали средства на места и это ресурс, то задача перед местными властями приумножить те ресурсы, которые были направлены", – отметил глава правительства.\r\n\r\nГройсман уверен, что такой уровень взаимодействия поможет быстрее решать проблемы на местах. В частности, на первой такой встрече руководители Киевской, Винницкой, Одесской и Харьковской областей обсудили актуальные вопросы для каждого региона.\r\n\r\nРанее Гройсман заявил, что в этом году в регионы Кабмин отправит 11 миллиардов гривен. Ресурсы направят в рамках наработанных целевых программ – чтобы не пропали бесследно. \r\n\r\nРанее президент Украины Петр Порошенко также отмечал, что экономика Украины растет слишком медленно. По мнению президента, повышение ВВП в 2018 году должно превысить 3%.', 'Работа с регионами: Гройсман введет новый формат сотрудничества', '', '2018-04-21', '', ''),
(3, 1, '', 'Киевский районный суд Симферополя 21 апреля продлил на два месяца арест крымскотатарскому активисту «полян протеста» Фазилу Ибраимову. Он останется в СИЗО до 22 июня, сообщает корреспондент Крым.Реалии.\r\n\r\n«Заседание началось с двухчасовым опозданием, поскольку следствие не могло найти переводчика на крымскотатарский язык. Наше ходатайство об изменении меры пресечения Фазилу Ибраимову на домашний арест ожидаемо суд отклонил», – рассказал адвокат Эдем Семедляев.\r\n\r\nВ пятницу, 20 апреля, Верховный суд Крыма не удовлетворил апелляционные жалобы адвокатов Эдема Семедляева и Исляма Велиева на продление ареста Фазила Ибраимова.\r\n\r\nСотрудники управления МВД России по Крыму 15 февраля в районе улицы Стрелковая в Симферополе провели обыск в домовладении «одного из организаторов самозахвата земельного участка».\r\n\r\nПолиция задержала и доставила активиста «поляны протеста» Фазила Ибраимова в городской отдел управления МВД России по Крыму.\r\n\r\nКрымские СМИ сообщили, что Ибраимова официально задержали «в порядке ст. 91 Уголовно-процессуального кодекса России по подозрению в совершении преступления».\r\n\r\nФазил Ибраимов известен борьбой за легализацию «полян протеста» – земель, занятых крымскими татарами после возвращения из депортации.\r\n\r\nНа месте «поляны протеста» «Стрелковая», где крымские татары возвели дома, готовятся строить новый район на 9 тысяч человек под названием «Крымская роза». Кроме жилых домов, планируют возвести школы, детские сады, спортивные комплексы и магазины. Сейчас здесь живут преимущественно репатрианты.\r\n', 'В Симферополе суд продлил арест крымскотатарскому активисту Фазилу Ибраимову', '/pr/image/9C5925CD-EC67-41B9-A0C9-53537B7B163F_w1023_r1_s.jpg', '2018-04-21', '', ''),
(4, 1, '', 'Для того, чтобы избежать вмешательства России во внутренние украинские дела, западные эксперты рекомендуют в первую очередь построить прозрачные и независимые государственные институты, которые бы гарантировали гражданам экономические права.\r\n\r\nОб этом "Апострофу" рассказал британский специалист по России и Украине Джеймс Шерр.\r\n\r\nПо его словам, о внедрении этих мер на Западе говорят уже четверть века.\r\n\r\n"Для того, чтобы выработать надлежащее управление, Украине нужна компетентная, эффективная власть, к которой будет доверие и которая будет гарантировать гражданам их права, включая экономические, то есть право собственности, безопасность контрактов, а это в свою очередь требует эффективной и независимой судебной системы и самих государственных институтов, которые не были бы отображением политических интересов. И только если вы этого добьетесь, вы сможете получить другие необходимые вещи, в которых нуждается Украина – иностранные инвестиции, рост настоящего независимого среднего класса и реальных предпринимателей, рост собственной экономики, прозрачность всех операций. В таком случае будет легко выявлять тех, чьи действия незаконны", – утверждает Шерр.\r\n\r\nПо мнению эксперта, это также уберегло бы Украину от российской агрессии.\r\n\r\n"И гибридная война, от которой уже четыре года страдает Украина, была бы невозможна, скажем, в Финляндии. Все потому, что в этой стране все знают, кто к кому принадлежит. В Финляндии практически отсутствует коррупция, там российские субъекты не проникают в службы безопасности, банки, промышленность, политическую жизнь. Там никто не находится на высокооплачиваемых должностях в "Газпроме" или "Лукойле" за исключением официальных представителей, которые работают в местных офисах. Украине этого не хватает. И если вы хотите настоящей безопасности, то должны справиться с этим", – отмечает британец.', 'Говорим об этом четверть века: на Западе дали важный совет Украине', '', '2018-04-21', '', ''),
(5, 1, '', 'Президент Украины Петр Порошенко назначил нового главу Кодымской районной администрации и уволил главу Великомихайловской РГА.\r\n\r\nКак сообщается на сайте главы государства распоряжение о назначении главы Кодымского района он подписал вчера, 20 апреля.\r\n\r\nСогласно документу главой РГА станет Геннадий Гладенький, который начнет работать с 25 апреля. Ему дается испытательный срок — три месяца. Геннадий Гладенький до этого исполнял обязанности главы этой райадминистрации.\r\n\r\nРаспоряжение об увольнении главы Великомихайловской РГА подписано 21 апреля. Причиной увольнение стало заявление Владимира Слидзюка об уходе по собственному желанию.\r\n\r\nВладимир Слидзюк приступил к исполнению обязанностей в сентябре 2015 года.    ', 'Президент назначил главу Кодымской РГА и уволил руководителя Великомихайловской', '', '2018-04-21', '', ''),
(6, 1, '', 'Российские власти были настолько возмущены проукраинскими заявлениями спецпредставителя Государственного департамента США по вопросам Украины Курта Волкера по «Л/ДНР», что отказались вести дальнейшие переговоры в рамках формата Сурков-Волкер.\r\n\r\nОб этом в интервью российским СМИ заявил приближенный к Суркову российский политолог Алексей Чеснаков, передает «Диалог.UA».\r\n\r\nОн подчеркнул, российские власти были настолько возмущены заявлением Волкера о необходимости полной ликвидации «Л/ДНР», которые он сделал в Гудзоновском институте, что Сурков решил отложить дальнейший раунд переговоров с представителем США на неопределенный срок.\r\n\r\nКроме того, российский соратник Суркова заявляет, что Москва ожидает от Вашингтона дальнейших предложений, однако лоббирование поставок вооружений официальному Киеву сильно раздражает Москву.\r\n\r\n«Все это вместе стимулирует «партию войны» в Украине, укрепляет эту партию в ее стремлении выдвигать неприемлемые условия для развертывания миссии ОНН», — сказал он.', 'В Москве рассказали, почему Сурков отказался от переговоров с Волкером', '', '2018-04-21', '', ''),
(7, 1, '', 'Сенатор от Республиканской партии Кори Гарднер заявил, что Россию необходимо внести в список спонсоров терроризма наряду с ее близкими союзниками Ираном и Сирией.\r\nГосдеп США должен внести Россию в список государств – спонсоров терроризма за вторжение в Грузию и Украину, поддержку режима президента Сирии Башара Асада и войну против демократии. Такое мнение высказал американский сенатор от Республиканской партии Кори Гарднер на своей странице в Facebook.\r\n\r\n"Государственный департамент должен рассмотреть возможность внесения России в список спонсоров терроризма наряду с ее близкими союзниками Ираном и Сирией. Россия вторглась к своим соседям Грузии и Украине, она поддерживает преступный режим Башара аль-Асада и наших врагов в Афганистане и проводит активную информационную кампанию против демократии Запада, включая вмешательство в выборы в США в 2016 году", – подчеркнул он.', 'Сенатор США предложил внести Россию в перечень государств-спонсоров терроризма', '/pr/image/48_tn.jpg', '2018-04-21', '', ''),
(8, 1, '', 'Прежде чем говорить о досрочных выборах, в Украине нужно изменить избирательную систему. Об этом заявил лидер Радикальной партии Олег Ляшко.\r\n\r\n«Главная предпосылка для досрочных выборов и президентских и парламентских – изменение избирательной системы, открытые пропорциональные списки, чтобы избиратели имели возможность сами выбирать кандидатов и формирование независимого от власти избирательной комиссии», – сказал он.\r\n\r\nПо словам Ляшка, нынешнее избирательное законодательство несовершенное и порождает коррупцию и фальсификации: списки кандидатов должны быть прозрачными, а в Центризбиркоме должны быть представлены все парламентские силы. Одной из главных предпосылок выборов, по мнению радикала, должна стать отмена депутатской неприкосновенности.\r\n\r\n«В комплексе с этим можно реально менять страну и бороться с коррупцией», – добавил полити', 'Ляшко назвал условия проведения досрочных парламентских выборов', '', '2018-04-21', '', ''),
(9, 1, '', 'Прем’єр-міністр Володимир Гройсман започаткував новий формат співпраці з регіонами, який передбачає відкриті дискусії голів облдержадміністрацій з членами Кабінету Міністрів України з найбільш актуальних для кожного регіону питань. Перша подібна зустріч пройшла в Будинку Уряду за участі профільних міністрів та голів Київської, Вінницької, Харківської та Одеської ОДА.\r\n\r\n«Я незадоволений рівнем співпраці з регіонами і пропоную новий формат. Нам треба максимально швидко вирішувати проблеми, які перед нами стоять, – у тому числі в рамках повноважень на місцях, – сказав Глава Уряду. – Ми ставимо собі завдання: розвиток економіки. А завдання регіональної влади – примножити ресурси, які ми передали, створювати бізнес-клімат, вести серйозну детінізацію, аби люди відчували зростання заробітних плат. Ми реалізуємо системні зміни – в освіті, медицині, енергетиці, енергоефективності. Хотіли б, аби на місцях була також скоординована робота».\r\n\r\nКоли буде запрошений для участі в подібній дискусії голова Сумської облдержадміністрації Микола Клочко поки невідомо, але у нього буде реальний шанс озвучити нагальні проблеми Сумщини, про які частенько забуває Кабмін: дороги, ситуація на Сумському машинобудівному НВО, підтримка фермерів, залишковий принцип при виділенні для Сумщини субвенцій тощо.', 'Гройсман запрошує голову Сумської ОДА Клочка на відкриту дискусію ', '/pr/image/diskus.jpg', '2018-04-21', '', ''),
(10, 1, '', 'Призываю всех неравнодушных выйти на акцию поддержки Надежды Савченко, которая пройдет на Майдане Независимости в столице, 22 апреля, в 12:00. Об этом заявила сестра заключенного нардепа Вера Савченко. С ее слов, власти намеренно держат ее сестру за решеткой, чтобы она не мешала развитию их коррупционных схем, передает УКРОП со ссылкой на «Пресса Украины».\r\n\r\n«Следствие по делу Надежды Савченко продлено на 6 месяцев… Но это не повлияет на нашу решимость изменить меру пресечения и требовать освобождения Надежды от ареста. Напомню, она сама вернулась из Европейского Союза в парламент, в Украину, давать нашему уже прокурору показания, которые он пожелал… Второе. Надежда Савченко прошла полиграф. И уже сегодня, конец пятницы, и нам обещали эксперты, которые дают выводы, что дадут свои заключения. Время шло. Два дня прошло. Пятница должна была быть днем, когда они сделают свои выводы. Но полиграф длился 8 часов. Видимо, не подходят результаты карманным спецслужбам. Заказ с Банковой требует другого. Поэтому, мне жаль этих экспертов, они, видимо, сейчас, как несчастные ужи на сковородке, и будут извлекать что-то, чтобы сделать это приемлемым для заказчика», — рассказала Вера Савченко.', 'Вера Савченко призвала выйти на Майдан, чтобы поддержать Надежду', '/pr/image/вера-савченко.jpg', '2018-04-21', '', ''),
(11, 1, '', '17-18 квітня 2018 р. Президент Світового Конґресу Українців (СКУ) Евген Чолій здійснив візит до Нікосії, Кіпр, щоб обговорити з державними високопосадовцями і представниками громадянського суспільства важливість підтримки України в захисті своєї територіальної цілісності та просування її євроінтеграційних процесів.\r\nПід час зустрічей Президент СКУ акцентував на незаконній окупації Криму та невпинних збройних діях Російської Федерації на Сході України, а відтак – на нищівних наслідках, від яких потерпає Україна та її народ. Евген Чолій також наголосив на глобальній загрозі з боку Російської Федерації та привернув увагу до її недавніх хімічних атак, а також до масової дезінформації та до низки дестабілізаційних процесів, у тому числі й до широкомасштабного поширення вірусу NotPetya і втручання у виборчі процеси, зокрема в США і Франції. Щоб зупинити російську гібридну агресію, Президент СКУ закликав Кіпр підтримувати продовження і посилення санкцій ЄC проти Російської Федерації. Евген Чолій також поінформував про процеси модернізації та реформування ключових галузей України, у тому числі й щодо зниження рівня корупції. У цьому контексті Президент СКУ закликав до посилення українсько-кіпрських торговельних відносин. Рівнож Евген Чолій спонукав Кіпр визнати Голодомор геноцидом українського народу.\r\nПеребуваючи в Нікосії, Президент СКУ мав громадську зустріч з керівництвом Асоціації “Товариство українсько-кіпрська дружба”, під час якої ознайомився з їхньою діяльністю та обговорив шляхи подальшої співпраці з СКУ.', 'Президент СКУ Евген Чолій здійснив візит до Кіпру', '/pr/image/Ukrainian-Cypriot-Friendship-1024x768.jpg', '2018-04-21', '', ''),
(12, 1, '', 'В оккупированном Российской Федерацией (РФ) Крыму объявили невъездными трех крымских татар, которые не проживают на полуострове на постоянной основе. Об этом рассказала крымский юрист Эльвина Семедляева, передает "Крым.Реалии". Как сообщила юрист, двое из них граждане Турции, еще один - гражданин Украины. Адвокаты пытаются выяснить обстоятельства запретов и в дальнейшем обжаловать их в судебном порядке. "К нам обратились трое крымских татар, которым запретили въезд в Крым, двое из них - граждане Турции, они проживают там уже очень давно. Они пытались получить визы в посольстве России, однако им отказали без всяких объяснений и сообщений", - рассказала юрист. О гражданине Украины Семедляева сообщила, что в Крыму у него близкие родственники, которых он часто посещал. "При очередной попытке въехать в Крым ему вручили уведомление о запрете на въезд до 2048-го года. В его случае запрет был по запросу ФСБ", - отметила юрист. Напомним, украинский омбудсмен Людмила Денисова попросила у коллеги с РФ расследовать неестественную смерть 4 украинцев в СИЗО оккупированного Крыма. "Власти" Крыма назвали смерть украинцев в СИЗО Симферополя суицидами.\r\nПолный текст читайте здесь: https://www.rbc.ua/rus/news/okkupirovannom-krymu-obyavili-nevezdnymi-1524323926.html', 'В оккупированном Крыму объявили невъездными трех крымских татар', '/pr/image/flickr_com_sasha_maksymenko_650x410.jpg', '2018-04-21', '', ''),
(13, 1, '', 'Відносини України з Польщею обтяжені, але не зіпсовані. Про це заявив Радіо Свобода заступник міністра закордонних справ України Василь Боднар. Коментуючи закиди Варшави щодо блокування ексгумації останків поляків на території України, він згадав про руйнацію українських пам’ятників на території Польщі. Як зазначив Боднар, єдиним політичним методом стримування руйнації була заява про можливість заборони ексгумації. Свою роль заява відіграла і зараз між державами можливий компроміс. Підґрунтя – Київ не диктує сусіду, кого з історичних діячів ушановувати, не варто це робити й Варшаві. Оцінюючи стосунки України та Угорщини, Боднар зауважив: вплив Москви на Будапешт зростає. Не міняється агресивна риторика Угорщини щодо українського закону «Про освіту». Водночас громадянам України, угорцям на Закарпатті роздали (за різними оцінками) понад 100 тисяч угорських паспортів. Як наголосив Боднар, Київ прагне порозуміння, але, наприклад, автономії для угорців на Закарпатті не буде.', 'Київ прагне порозуміння з Будапештом, але автономії для угорців на Закарпатті не буде, – МЗС', '/pr/image/василь-боднар-760x490.jpg', '2018-04-21', '', ''),
(14, 1, '', 'Экс-посол Литовской Республики в Украине в 2010-2015 гг. и министр иностранных дел Литвы в 2006–2008 гг. Пятрас Вайтекунас прокомментировал конфликт на Донбассе. По его мнению, Украине нужно прикладывать больше сил для его разрешения. Но остановить войну может только Россия.\r\n\r\n"Отвечая прямо и не увиливая, – все ключи решения проблемы лежат у президента Путина в кармане, но он не заинтересован ни в каком решении на Донбассе. Пока не будет никакой заинтересованности, не будет никакого решения на Донбассе, – заявил дипломат. - А что Украина может сделать? Во-первых, ответить на вопрос – люди, которые живут на оккупированных территориях, это ваши люди? И заботится о них. Сказать, что "мы поможем вам пережить оккупацию". Полная ответственность за этих людей, за оккупированные земли лежит на Кремле, не на Киеве. Но Киев должен послать сигнал своим гражданам, своим людям: "Мы поможем, вы – наши, мы никогда не забудем вас"".\r\n\r\nВайтекунас считает, что в России много противников политики Путина. По его мнению, международному сообществу нужен единый фронт с такими россиянами, чтобы противостоять агрессии Кремля.\r\n\r\nНапомним, что российская агрессия против Украины началась с оккупации Крыма. После этого была оккупирована часть Донбасса. Российская регулярная армия не раз принимала участие в боевых действиях на востоке Украины, при этом всячески маскируя свое участие. Поток оружия, боеприпасов, наемников и кадровых военных («ихтамнеты») постоянно идет с 2014 года из РФ через попранный участок украино-российской границы.\r\n\r\nВ результате российской агрессии против Украины, по официальным данным (далеко не полным) на Донбассе погибло свыше 10 тысяч, ранены – более 20 тысяч человек. Около двух миллионов граждан стали беженцами (только в Украине внутренними переселенцами зарегистрированы около 1,5 миллиона человек).', 'Мнение: Все ключи решения проблемы на Донбассе лежат у Путина в кармане', '/pr/image/pjatras.jpg', '2018-04-21', '', ''),
(15, 1, '', '​Суд допитає у якості свідка голову ДМС Максима Соколюка у справі за позовом лідера РУХУ НОВИХ СИЛ Михайла Саакашвілі до Порошенка щодо позбавлення громадянства. Відповідне рішення вчора ухвалив Касаційний адмінсуд у складі Верховного суду, повідомляє прес-служба партії РНС.\r\n\r\n\r\nУчора суд допитав свідків - працівників Шевченківського відділу ДМС та ГУ ДМС в місті Києві, які займались формуванням подання щодо втрати громадянства Михайла Саакашвілі. Вони у своїх показах посилались на те, що діяли відповідно до резолюції Соколюка, де було вказано «підготувати подання про втрату громадянства».\r\n\r\n«Ми виконували свої посадові обов''язки, в резолюції було написано вчинити пряму дію – підготувати документи», - зазначив свідок Пономаренко.\r\n\r\nАдвокат Руслан Чорнолуцький відзначив, що є необхідність допитати самого керівника ДМС, та звернувся до колегії суддів з відповідним клопотанням.\r\n\r\n«Сьогодні ми побачили, що свідки плутаються в показах. Вони не змогли відповісти на велику кількість запитань, це говорить про те, що вони або не фахові і відбувався хаос щодо питання позбавлення громадянства Саакашвілі, або там є людський фактор втручання в підготовку документів – заява на отримання громадянства, яка фігурує у справі., підписана не рукою Михайла Саакашвілі, до справи не додана довідка про відсутність судимості в Грузії і т. д. Це говорить про неякісну, дуже швидку підготовку міграційної справи щодо позбавлення громадянства, вони за один робочий день отримали лист ГПУ, резолюцію Соколюка, нібито опрацювали це, склали подання про втрату громадянства. Запитаємо в Соколюка, яким чином це відбувалось, яку роль він в цьому випадку відігравав», - відзначив Чорнолуцький.\r\n\r\nКрім того, Чорнолуцький зазначив, що адвокати клопотатимуть про виклик ще низки свідків. Наступне засідання відбудеться 11 травня.\r\n\r\nМаксим Соколюк.', '​Суд допитає голову ДМС Соколюка у справі позбавлення Саакашвілі громадянства', '/pr/image/DCHFG25o1jdorTqiIHtUUsWmZGFPGIn6.png', '2018-04-21', '', ''),
(16, 2, '', 'Французский ПСЖ готов предложить работу Арсену Венгеру, который покинет лондонский "Арсенал" после окончания текущего сезона.\r\n\r\nОб этом сообщает Eurosport со ссылкой на L’Equipe.\r\n\r\nОтмечается, что руководство парижского топ-клуба хотело бы видеть Венгера на должности генерального менеджера клуба и уже готовит соответствующее предложение.\r\n\r\nПост главного тренера ПСЖ руководство парижан Венгеру предлагать не будет, так как, по данным СМИ, уже достигло договоренности с немцем Томасом Тухелем.\r\n\r\nНапомним, Венгер покинет "Арсенал" после 22 лет работы в лондонском клубе.\r\n\r\nРанее "Апостроф" сообщал о том, что "Бавария" определилась с тренером на следующий сезон.\r\n', 'ПСЖ предложит работу легендарному тренеру', '', '2018-04-21', '', ''),
(17, 2, '', 'В матче 34 тура чемпионата Франции "Марсель" дома разгромил "Лилль" (5:1), благодаря чему не позволил уйти в отрыв "Лиону", с которым ведет борьбу за место на пьедестале. По дублю на свой счет записали Флориан Товен и Костас Митроглу. Грек, кажется, нашел свой ритм, и уже никто не посмеет язвить по поводу этого трансфера. Что касается Фло, то в его активе уже 19 голов, ровно столько же, сколько у Неймара. Пополнил свой багаж результативным действием и Димитри Пайет, отдавший результативный пас на Окампоса. Теперь у игрока сборной Франции 12 голевых передач, причем девять из них пришлись на второй круг! Это лучший показатель в топ-5 европейских лиг. Любопытную статистику аналитики Opta выбросили и по Луису Густаво: бразилец выписал 51 пас за матч, и только одна из его передач не достигла адресата. Источник: https://www.footboom.com/france/ligue-1/1524330893-pajet-luchshiy-assistent-v-top-5-yevropy.html', 'Пайет – лучший ассистент в топ-5 Европы', '/pr/image/5dc55-Pajet.jpeg', '2018-04-21', '', ''),
(18, 2, '', 'Шестой номер рейтинга легковесов UFC Кевин Ли сделал смелый прогноз на завтрашний бой с Эдсоном Барбозой, который станет главным событием турнира UFC Fight Night 128 в Атлантик-Сити. 25-летний уроженец Детройта обещает избить бразильского оппонента еще жестче, чем это в прошлом году сделал Хабиб Нурмагомедов. "Я чувствую, что мне будет противостоять лучшая версия Эдсона Барбозы. Этот парень никогда не проигрывал два боя подряд и всякий раз, когда возвращался после поражения, становился лучше и сильнее. Я ожидаю увидеть нечто подобное, но намерен избить Эдсона еще сильнее, чем это сделал Хабиб", - сказал Ли. Напомним, что 30 декабря прошлого года на турнире UFC 219 в Лас-Вегасе Хабиб Нурмагомедов победил Эдсона Барбозу единогласным решением судей. Всю дистанцию боя "Орел" имел подавляющее преимущество и лишь невероятная стойкость позволила бразильцу достоять до конца. Каковым будет поединок Эдсона Барбозы против Кевина Ли предсказать крайне сложно, но известно, что большинство букмекеров считаю американца фаворитом данного противостояния.', 'Кевин Ли пообещал избить Эдсона Барбозу еще жестче, чем это сделал Хабиб Нурмагомедов ', '/pr/image/', '2018-04-21', '', ''),
(19, 2, '', ' По информации СМИ Северной Америки, Лука Дончич решил выставляться на ближайший драфт НБА и уже заполнил необходимые документы.\r\n\r\n19-летний словенский баскетболист нынешний сезон проводит в мадридском Реале.\r\n\r\nПрогнозируется, что Дончич уйдет на драфте под 1-3 номерами.\r\n\r\nДрафт НБА состоится 21 июня в Нью-Йорке.', 'Топ-проспект Дончич решил идти на драфт НБА', '/pr/image/orig_380536.jpg', '2018-04-21', '', ''),
(20, 2, '', 'В Николаеве проходит Открытый чемпионат Героев АТО Федерации футбола Украины среди команд «Лиги участников АТО», в котором принимают участие группа «Юг» - всего 11 команд воинских частей Южного региона Украины.\r\n\r\nУже сыграны первые матчи южного дивизиона. Так команда 79-й отдельной десантно-штурмовой бригады ВДВ «Дельта» уверено выиграла у команды Южнокраинских гвардейцев воинской части 3044 «Энергия» со счётом – 3:0.\r\n\r\nДанный матч прокомментировал заместитель командира 79-й отдельной десантно-штурмовой бригады:\r\n\r\nА вот самым голевым матчем чемпионата оказалась встреча между командами «Гиацинт» (Николаев) и сборной Кропивницкого. К сожалению, наши спортсмены проиграли всухую со счётом – 0:6.\r\n', 'В Николаеве проходит Открытий чемпионат Федерации футбола Украины среди команд «Лиги участников АТО»', '/pr/image/6796bd0d36b173aaadfce59a9f1ddc80.jpg', '2018-04-21', '', ''),
(21, 2, '', 'Українська тенісистка Еліна Світоліна буде третьою сіяною на турнірі WTA Premier з призовим фондом у $816 тис. у німецькому Штутгарті.\r\nПро це повідомляє Depo.Сектор з посиланням на tennisua.org.\r\n\r\nУкраїнка вступить в боротьбу на турнірі з другого раунду. Перша суперниця Світоліної визначиться в протистоянні між Юлією Гьоргес з Німеччини та Анастасією Севастовою з Латвії.\r\n\r\nОбидві тенісистки беруть участь в матчах Кубка Федерації в цей вікенд, тоді як Світоліна пропускатиме матчі за збірну і зіграє вперше пілся тривалої паузи в сезоні.', 'Визначилися потенційні суперниці Світоліної на старті турніру в Штутгарті', '/pr/image/390687.jpg', '2018-04-21', '', ''),
(22, 2, '', 'У 34 турі чемпіонату Франції Марсель на "Велодромі" переміг Лілль з рахунком 5:1.\r\n\r\nМарсель зняв усі питання щодо переможця матчу ще у першому таймі, коли чотири рази забив у ворота суперника.\r\n\r\nЛілль зміг відповісти після перерви, але крапку у зустрічі все ж таки поставили господарі поля. Дублями у матчі відзначились Флоріан Товен та Костас Мітроглу.\r\n\r\nМарсель після цього матчу набрав 39 очок та догнав Ліон у турнірній таблиці. Лілль продовжує перебувати у зоні вильоту.\r\n\r\nНагадаємо, у четвер, 26 квітня, Марсель зіграє проти Зальцбурга у першому матчі 1/2 фіналу Ліги Європи.\r\n\r\nФранція. Ліга 1, 34 тур\r\n\r\nМарсель – Лілль – 5:1\r\n\r\nГоли: Товен, 12, 30 (пен), Мітроглу, 35, 38, Окампос, 68 – Бензія, 54', 'Марсель розгромив Лілль', '/pr/imasge/455909.jpg', '2018-04-21', '', ''),
(23, 2, '', 'Ворскла активністю подарувала інтригу\r\n\r\nШахтар прогнозовано з перших хвилин взяв м''яч під контроль і підтискав Ворсклу. Гості сиділи дуже глибоко на власній половині, вони фактично не доходили до чужого штрафного майданчика. Не розбудив команду Василя Сачка і перший гол Марлоса.\r\n\r\nШахтар – Ворскла – 4:2 – відео голів та огляд матчу\r\n\r\nВорскла активізувалася лише в другому таймі. Піднявши лінію оборони, гості відразу ж поплатилися другим взяттям воріт Ткаченка, через декілька хвилин було третє – рахунок став розгромним. Тоді "зелено-білі" почали дійсно грати на чужій половині поля: хавбеки команди переходили середину поля, Коломоєць і Сергійчук пресингували та зустрічалися з м''ячем. Все це дало змогу форвардам Ворскли відзначитися та скоротити відставання до мінімуму', 'Шахтар – Ворскла: "гірники" знову грубо помилялися, але уникли проблем', '/pr/image/455470.jpg', '2018-04-21', '', ''),
(24, 2, '', 'Центровий італійського Авелліно Кирило Фесенко номінований на звання найкращого центрового Кубка Європи ФІБА.\r\n\r\nЗараз в голосуванні лідирує центровий Тенеріфе Мішель Діуф з 27% голосів, у Фесенка - 26%.\r\n\r\nВідзначимо, що проголосувати за українця можна тут.\r\n\r\nЯк відомо, клуб Фесенка вийшов у фінал турніру, де зіграє з переможцем пари Венеція - Гронінген.', 'Українець претендує на престижне звання в Європі', '/pr/image/201a2a2-88c45f1f8eb3e1225b809046f13a90d0.jpg', '0000-00-00', '', ''),
(25, 2, '', 'Нападающий "Ворсклы" Юрий Коломоец после матча с "Шахтером" поделился впечатлениями от игры и отметил, что с "Шахтером" было сложно играть, но всем игрокам полтавского клуба хотелось проявить себя и доказать, что они не случайно находятся на третьем месте. - В целом, нас можно упрекнуть только в том, что мы сегодня проиграли, только в этом. На поле все отдавались на 100%, но нужно не забывать, с кем мы сегодня играли. Мысли были играть в футбол и проявить характер. Не безвольно проиграть. Хотели доказать, что мы заслуживаем занимать то место, на котором сейчас находимся. Расстроен ли я? А чему радоваться, мы же проиграли. У нас осталось четыре игры, и будем стараться добиваться положительного результата в каждом матче, а очки будем считать после окончания чемпионата. Мы выходим и играем за свой клуб. У нас есть цели, которые мы сами перед собой ставим. Хотим показать, что мы команда, умеем играть в футбол и стараемся добыть положительный для нас результат. Сегодня, к сожалению, это сделать не получилось. Проигрывая 0:3, нашли в себе силы переломить ход встречи. Понятно, что "Шахтер" был где-то расконцентрирован, потому что они выигрывали 3:0 и где-то сработала психология. "Шахтер" хорошо играет и забивает много голов, не только нам. Где-то мы не сработали, так как надо, не подстраховали друг друга. Не было должной концентрации в моментах с пропущенными голами. Что Сачко сказал в раздевалке? В принципе, ничего такого. Так, рабочие подсказки. Мы и в первом тайме выходили на игру заведённые и с сумасшедшим настроем, потому что понимали с кем мы играем, - рассказал Коломоец.', 'Юрий Коломоец: "Хотели доказать, что мы заслуживаем занимать то место, на котором сейчас находимся"', '/pr/image/58598-Yuriy-Kolomoyec.jpeg', '2018-04-21', '', ''),
(26, 2, '', 'Кубок Ліги Європи був викрадений в мексиканському місті Леон-де-лос-Альдама на виставковому заході. Правоохоронці повернули трофей через два дні після крадіжки.\r\n– Приз перебував у Мексиці на партнерському заході і був ненадовго викрадений. Його швидко виявили. Ніяких пошкоджень кубок не отримав, – заявили в УЄФА, передає Спорт Експрес.\r\nУЄФА стверджує, що оригінал трофея знаходиться у них на вічному зберіганні, а клубам, які здобули перемогу в турнірі, вручається репліка, проте в Мексиці, за попередніми даними, був викрадений саме оригінальний трофей.\r\n\r\nРаніше Факти ICTV розповідали, як аргентинський захисник футбольного клубу Толука Сантьяго Гарсія перекинув власного воротаря на останніх хвилинах фіналу Кубка Мексики проти клубу Некакса.', 'Не на довго вкрали: у Мексиці пропав кубок Ліги Європи', '/pr/image/kubok-2.png', '2018-04-21', '', ''),
(27, 2, '', 'Півзахисник Олімпіка Леонідас напередодні матчу з Карпатами поділився коментарем щодо адаптації та гри проти львів''ян.\r\n\r\nЛеонідас пристосувався до стилю гри Олімпіка та перебуває у хорошій формі. Бразильський півзахисник також відзначив технічних футболістів Карпат.\r\n\r\n"Я добре відчуваю себе в Олімпіку. Думаю, що вже пристосувався до команди, до її стилю гри, задоволений тим, як мене зустріли в команді.Я думаю, що зараз я в хорошій формі, але можу грати ще краще. Намагаюся працювати кожен день, щоб підвищувати рівень своєї гри і приносити користь команді.\r\n\r\nhttps://football24.ua/ukrayina_tag50819', 'Леонідас: У складі Карпат багато технічно сильних футболістів', '/pr/image/455910.jpg', '2018-04-21', '', ''),
(28, 2, '', 'Группа депутатов Европарламента обратилась к руководителям стран Евросоюза бойкотировать чемпионат мира по футболу, который летом пройдет в России. 60 из 750-ти парламентариев настаивают на том, что президент РФ насмехается над европейскими ценностями. Об этом пишет издание L’Equipe.\r\n\r\n    «В эти трудные времена весь мир обращается к Европе. Наши правительства не должны следовать авторитарному и антизападному пути президента России. Нужно бойкотировать ЧМ-2018 в России и высказаться в защиту прав человека, демократических ценностей и мира».\r\n\r\nНапомним, ЧМ-2018 пройдет с 14 июня по 15 июля в 11 городах России.\r\n\r\nРанее Белый дом призвал фанатов к бойкоту мундиаля. С таким же обращением выступил и министр иностранных дел Украины Павел Климкин. Британские чиновники также не поедут в РФ из-за «дела Скрипаля».', 'Депутаты Европарламента призывают глав стран ЕС не ехать в Россию на чемпионат мира ', '/pr/image/europarlament.jpg', '2018-04-21', '', ''),
(29, 2, '', ' Несмотря на санкции целого ряда стран за войну России в Украине и Сирии, а также аннексию Крыма, ФИФА уже не будет менять место проведения чемпионата мира-2018.\r\n\r\n«Сегодня очень трудно говорить о такой вероятности по следующей причине – остается очень мало времени до начала турнира. Как правило, невозможно такие турниры перенести за один-два месяца в другую страну».\r\n\r\n«И такого не было в истории. Поэтому, на мой взгляд, это no possible, невозможно. Ни по срокам, ни по взаимодействию тех структур, которые проводят этот турнир", – сказал Суркис.\r\n\r\nСейчас страны в основном ограничиваются дипломатическим бойкотом турнира - многие страны, например, Великобритания, не будут отправлять в Россию свои делегации во главе с известными политиками.', 'Григорий СУРКИС: «Уже невозможно перенести ЧМ-2018 из России»', '/pr/image/orig_380535.jpg', '2018-04-21', '', ''),
(30, 2, '', '21 апреля в спортивном комплексе химико-технологического университета прошел чемпионат Украины по смешанным единоборствам (ММА) среди мужчин и женщин от 18 лет. В поединках за звание чемпиона сошлись около 200 бойцов со всей Украины.\r\n\r\nПоболеть за спортсменов и понаблюдать за боями мог любой желающий. Об этом Информатор сообщает с места события.\r\n\r\nСмешанные единоборства (также MMA) — боевые искусства (часто неверно называемые «боями без правил»), представляющие собой сочетание множества техник, школ и направлений единоборств. ММА является полноконтактным боем с применением ударной техники и борьбы как в стойке (клинч), так и на полу (партер).\r\n\r\nУчастие в чемпионате приняли лучшие бойцы Украины: мастера спорта международного класса, мастера спорта Украины, чемпионы и призеры мировых первенств. По результатам соревнований сформируют сборную Украины для участия в международных соревнованиях. Такое событие провели с целью популяризации смешанных единоборств в Днепре, а также повышения уровня мастерства спортсменов.\r\n\r\nЧемпионат начался еще в 8:00, перед боями всех участников взвесили. До 15:00 проходили предварительные поединки а в финале мероприятия победителей наградили ценными призами, медалями и сертификатами. Главным судьей поединка выступил Александр Лунга — мастер спорта Украины по фри-файту и боевому самбо, обладатель кубка мира по боевому самбо, вице-чемпион мира по ММА версии WMMAF, 2-х кратный чемпион Украины по фри-файту и обладатель Кубка Украины по фри-файту. За здоровьем спортсменов следили медики. Одновременно на чемпионате проходили бои на трех рингах.\r\n\r\nЧемпион области по ММА и самбо Денис Рева рассказал, что подобные соревнования требуют высокого уровня подготовки. Задолго до соревнований спортсмены начинают усиленно готовиться: изо дня в день посещают спортзал и бегут кросс, посещают тренировки, а также выдерживают специальную диету.', 'В Днепре прошел чемпионат по смешанным единоборствам ММА', '/pr/image/Boy-0300.jpg', '2018-04-21', '', ''),
(31, 3, '', 'В январе-марте 2018 года объем назначенных субсидий на оплату жилищно-коммунальных услуг уменьшился на 77,2% до 471,1 млн гривен по сравнению с январем-мартом 2017 года.\r\n\r\nОб этом Українським Новинам сообщила Государственная служба статистики.\r\n\r\nВ городских населенных пунктах общий объем назначенных субсидий составил 315,6 млн гривен, в сельских населенных пунктах - 155,5 млн гривен (1 361,5 млн гривен и 704,2 млн гривен соответственно за аналогичный период 2017 года).\r\n\r\nСредний размер назначенной субсидии на 1 домохозяйство в марте 2018 года уменьшился по сравнению с аналогичным периодом 2017 года на 62% и составил 480,8 гривен.\r\n\r\nВсего в январе-марте 2018 года за получением субсидий на оплату услуг ЖКХ обратились 627,7 тыс. домохозяйств, что в 1,9 раза меньше по сравнению с январем-мартом 2017 года (из них на городские населенные пункты приходится 46,9% обращений).\r\n\r\nВ марте субсидии на оплату услуг ЖКХ получили 6 597,1 тыс. домохозяйств.\r\n\r\nКак сообщали Українські Новини, на Буковине семье отменили субсидию на коммуналку из-за покупки гаджетов.\r\n\r\nНАБУ расследует действия Кабмина, в результате которых выросла коммуналка.\r\n\r\nДомохозяйствам с индивидуальным отоплением субсидии монетизируют в первую очередь.\r\n', 'С начала года объем назначенных субсидий на коммуналку уменьшился почти вдвое ', '/pr/image/58343ab8b3eef-0001-1f80e2fb-55199771-f1e9-c8faee41_1200_watermark.jpg', '2018-04-21', '', ''),
(32, 3, '', 'Весной 2001 года российский газовый монополист "Газпром" лишил компанию "Итера" полномочий поставщика туркменского газа в Украину и передал их другому посреднику – Eural Trans Gas (ETG), к которой имеют отношение люди из окружения президента РФ Владимира Путина. Об этом говорится в расследовании "Дождя".\r\n\r\nПредполагалось, что "Газпром" станет соучредителем ETG, однако он отказался от этой идеи. При этом доля компании-посредника в поставках импортного газа в Украину составляла 57% и была больше, чем у "Газпрома". Кроме того, "Газпром" выдал Eural Trans Gas кредит на $70 млн, а еще $227 млн компания получила от "Внешэкономбанка" под гарантии "Газпрома".\r\n\r\nЛетом 2004 года акционер "Газпрома" инвестиционный фонд Hermitage Capital выступил с резкой критикой действий менеджмента компании, заявив о крайне невыгодной для газового монополиста сделке с ETG. В Hermitage Capital отмечали, что посредник получает доходы от транспортировки газа, которые должны были доставаться "Газпрому", и конкурирует с "Газпромом" на европейских рынках. По оценке директора по корпоративным исследованиям Hermitage Capital Вадима Клейнера, "Газпром" терял на сделке с ETG $2 млрд в год.\r\n\r\nОднако, несмотря на скандалы, компания-посредник поставляла газ в Украину с конца 2002-го по 2005 годы, а в "Газпроме" утверждали, что отдали транзит посреднику для оптимизации налогов.\r\n\r\nETG создали в 2002 году трое граждан Румынии и израильтянин, который называл себя адвокатом российско-украинского бизнесмена и криминального авторитета Семена Могилевича. Потом владельцем Eural Trans Gas объявил себя украинский бизнесмен Дмитрий Фирташ, хотя номинальными владельцами 70% акций компании значились гражданки Кипра, которым принадлежали офшорные компании Dema Trustees и Dema Nominees. Hermitage Capital так и не смог установить бенефициаров ETG, однако, по данным "Дождя", к компании имеют отношение жители Санкт-Петербурга Илья Трабер, Сергей Васильев и Дмитрий Скигин, которых связывают с криминальным миром и окружением Путина.\r\n\r\nDema Trustees и Dema Nominees владеют долей в Петербургском нефтяном терминале (ПНТ), за которым стоят Трабер, Васильев и Скигин. В 1990-е годы нынешний глава "Газпрома" Алексей Миллер был директором по инвестициям в компании Трабера "ОБИП". А нынешний глава "Газпром-нефти" Александр Дюков в прошлом был гендиректором Морского порта Санкт-Петербурга, владельцем которого в 90-е считался Трабер.\r\n\r\nВладельцы ПНТ скрыты за кипрскими офшорами Dema Trustees и Dema Nominees и компаниями из Панамы – Parkway Holding Company и Strongbow Investment, директорами которых являются Маркус Хаслер и Грэхэм Смит, которые связаны со многими компаниями Скигина, которые они обычно регистрируют в городе Руггеле в Лихтенштейне.\r\n\r\nБывший сотрудник секретной службы Монако Роберт Эринджер утверждает, что связанная с Хаслером и Смитом компания Sotrama отмывала деньги тамбовской ОПГ в Европе через торговлю нефтью.\r\n\r\nУнаследовавший бизнес отца Михаил Скигин утверждает, что Васильев вышел из капитала ПНТ и не участвует в управлении компанией. При этом он отказался раскрывать детали. Скигин не стал отрицать своего отношения к Dema Nominees и Dema Trustees, однако подчеркнул, что первый раз слышит о Eural Trans Gas. По его словам, юридическая фирма, которая управляет офшорами, оказывает услуги многим компаниям.\r\n\r\nБывший партнер Дмитрия Скигина по компании "Совэкс" Максим Фрейдзон заявил, что сын Скигина "планировался как более-менее цивилизованно выглядящий фронтмен всего этого безобразия" и не является самостоятельным бизнесменом.\r\n\r\nОднин из бывших топ-менеджеров Морского порта заявил "Дождю", что компании Dema Trustees и Dema Nominees принадлежали "питерским", однако не смог точно назвать их бенефициаров. Бывший сотрудник мэрии Петербурга считает, что за компаниями может стоять фактический совладелец ПНТ Васильев.\r\n\r\nКак отмечает "Дождь", связанные с питерскими криминальными авторитетами компании до сих пор имеют бизнес в Украине. В частности, связанная со Скигиным-младшим Suzel Enterprises Limited и еще одна кипрская компания Heico Ventures Limited опосредованно владеют долей в одной из крупнейших газодобывающих компаний Украины – "Карпатыгаз".\r\n', 'Петербургские знакомые Путина были бенефициарами газового транзита через Украину в 2000-х ', '/pr/image/55_tn.jpg', '2018-04-21', '', ''),
(33, 3, '', 'У питанні будівництва додаткової газотранспортної гілки країни Західної Європи розділилися, незалежно від членства у НАТО і ЄС.\r\n\r\nПро це в коментарі Gazeta.ua розповів український політолог Михайло Басараб.\r\n\r\nЧИТАЙТЕ ТАКОЖ: "Розчищає шлях до повномасштабної військової операції" - у Нафтогазі розповіли про наміри Путіна\r\n\r\n"Проект "Північного потоку-2" дуже добре показує нам непомітну лінію розмежування в Європі. Справжня Європа - на території Центральної і Східної Європи, нашого регіону - відносно недавно стала незалежною, звільнилася з-під тягаря російського диктату після розпаду СРСР і соціалістичного табору. Це країни від Балтики до Чорного моря. Недавно відновивши свою незалежність, вони демонструють жагу до життя, політичну волю та харизму, здатність боронити свою незалежність, ідентичність. Цим не може похизуватися Західна Європа. Під час Революції Гідності багато західних інтелектуалів приїжджали сюди і захоплювалися. Для нас було незрозуміло, коли вони казали, що ось тут побачили справжню Європу, на київському Майдані Незалежності", - говорить політолог.', 'Проект "Північного потоку-2" показав, хто справжні друзі України', '/pr/image/832987_w_300.jpg', '2018-04-21', '', ''),
(34, 3, '', 'В среднем на 5%\r\n\r\nНафтогаз с 1 мая увеличит цену на природный газ, отпускаемый промышленным потребителям на условиях предоплаты, на 5,2-5,5% по сравнению с мартом – до 10 041 гривны за тысячу кубометро (с НДС), — сообщает пресс-служба компании.\r\n\r\nТак, по предоплате и в объеме более 50 тысяч кубов в месяц Нафтогаз готов продавать газ по 9 тысяч 143 гривны за тысячу кубометров. Это на 5,5% (472,8 грн/тыс. куб.) выше текущих цен.\r\n\r\nДля других категорий потребителей цена повысится на 5,2% (489 грн/тыс. куб. м) – до 10 041,6 грн/тыс. куб. м (все цены с НДС).\r\n\r\nНапомним, Украине критически важно деполитизировать процесс формирования цен на энергоресурсы для дальнейшего продвижения по программе сотрудничества с Международным валютным фондом.\r\n', 'Газ для промышленности дорожает', '/pr/image/gaz-640x360.jpg', '2018-04-21', '', ''),
(35, 3, '', '20 квітня Міжвідомча комісія з міжнародної торгівлі (МКМТ) відмовила ПАТ «Укртатнафта» в проведенні спецрозслідування щодо імпорту нафтопродуктів,\r\n\r\nПро це повідомила прес-служба Міністерства економічного розвитку і торгівлі України.\r\n\r\n«З огляду на відсутність різкого і непередбачуваного зростання імпорту, МКМТ прийнято рішення про недоцільність проведення спеціального розслідування. У той же час, Міжвідомча комісія з міжнародної торгівлі прислухалася до думки громадськості, що введення бар''єрів на імпорт може привести до дестабілізації ринку моторних палив, виникнення дефіциту і стрімкого зростання цін як на паливо, так і на інші товари народного споживання», - йдеться в повідомленні\r\n\r\nНагадаємо, «Укртатнафта» звернулася в МЕРТ ПАТ «Укртатнафта» звернулася до Міністерства економічного розвитку і торгівлі України (МЕРТ) з заявою про проведення спецрозслідування щодо зростання обсягів імпортних нафтопродуктів в Україні. «Укртатнафта» пропонувала ввести квоти на імпорт бензинів і дизельного палива з 1 травня 2018 року.\r\n\r\nВідзначимо, що за даними консалтингової компанії UPECO, в січні-березні 2018 року українські виробники (Кременчуцький НПЗ і Шебелинський ГПЗ) займають 43% ринку бензинів і 12,1% ринка дизпалива. Відзначимо, що за перший квартал 2018 року Росії вдвічі збільшила поставки дизпалива в Україні до 526,3 тис. т, що становить 43% ринку ДТ.\r\n', 'Міжвідомча комісія відмовила "Укртатнафті" в розслідуванні щодо імпорту палива', '/pr/image/1504184836_anak_0897.jpg', '2018-04-21', '', ''),
(36, 3, '', 'Между мелитопольской городской властью и немецкой транспортной компанией «Hegelmann Transporte Group» 20 апреля подписан Меморандум о сотрудничестве.\r\n\r\nКомпания  “Hegelmann Transporte Group”специализируется в логистике и предоставляет все виды грузоперевозок. На сегодняшний день работает 21 офис компании “Hegelmann Transporte Group” в Германии, Франции, Испании, Португалии, Чехии и других европейских странах, а также в странах СНГ. В начале компания осуществляла перевозки по Европе. На сегодня грузы доставляются вплоть до Китая. Операционный оборот денежных средств “Hegelmann Transporte Group” за 2017 год составляет 250 млн. евро. Количество сотрудников компании — 3500 человек. Автопарк компании состоит из 1700 машин (трейлеры, мега-трейлеры, термо-трейлеры).\r\n\r\nИнициатива о создании представительства именно в Мелитополе принадлежит хотя уже и бывшему, но все же мелитопольцу Павлу Бодрилову. Павел уже несколько лет проживает в Чехии и руководит представительствами компании в Восточной Европе. При этом, заботится о родном городе.\r\n\r\n— На первом этапе в Мелитополе будет открыт офис на 40 рабочих мест, в следующем году мы планируем увеличить количество сотрудников до 100, — рассказал Павел. — Заработная плата, которую мы предлагаем, на сегодня является достойной и конкурентной. На первом этапе это будет 10 тыс. грн., постепенно она увеличится до 15 тыс. грн. Мы инвестируем в достаточно выгодные условия труда наших сотрудников и хотим, чтобы люди были довольны и работали в компании.\r\n\r\nПримечательно, что кампания “Hegelmann Transporte Group” привлекает к сотрудничеству в большей степени молодых специалистов. На сегодняшний день, при поддержке городской власти проведены переговоры с Таврический государственным агротехнологическим университетом о трудоустройстве студентов данного ВУЗа в компанию.', 'Немецкие инвесторы создадут рабочие места в Мелитополе', '/pr/image/30744023_2030098217228971_5060283665888575488_o-640x392.jpg', '2018-04-21', '', ''),
(37, 3, '', 'На плечах української економіки лежать 65 мільярдів доларів США зовнішнього боргу, переважно накопичених до 2014 року. Попри те, що нині борг найнижчий за розміром відносно ВВП з 2011 року, лише на його обслуговування держава витрачає 130 мільярдів гривень.\r\n\r\nПро це йшлося під час зустрічі Прем’єр-міністра з представниками регіональних ЗМІ у Києві.\r\n\r\nВолодимир Гройсман повідомив, що з економічної точки зору найголовнішою проблемою лишається тиск на державу зовнішніх боргів. Так, більшість з них були накопичені до 2014 року. У 2007-2010 роках уряд взяв 26 мільярдів доларів боргу, з 2010 до 2014 року – ще понад 20 мільярдів. На плечах української економіки лежить сумарний борг у сумі 65 мільярдів доларів. На його обслуговування на рік виділяють 130 мільярдів гривень. До того ж, 140 мільярдів боргів накопичила нереформована пенсійна система.\r\n\r\nТому треба рухатися у плані зростання національної економіки, залучення інвестицій, заробляти кошти для обслуговування та погашення боргу. Важлива підтримка іноземних фінансових партнерів, що допоможе утримувати боргове навантаження на державні фінанси і зменшувати зовнішній борг в довгостроковій перспективі. Наразі, з його слів, зовнішній борг України відносно ВВП найнижчий з 2011 року, але якщо не буде виконуватися програма співпраці з іноземними партнерами, уряду буде нелегко реагувати на ризики.', 'Зовнішній борг назвали найголовнішою економічною проблемою України', '/pr/image/1142.JPG', '2018-04-21', '', '');
INSERT INTO `news` (`news_id`, `category_id`, `news_name`, `description`, `short_description`, `news_image`, `date`, `title`, `meta_description`) VALUES
(38, 3, '', 'Цена на косточковые ягоды будет высокой, невзирая на хороший урожай, потому что избыток экспортируется в Европу.\r\n\r\nОб этом корреспонденту ГолосUA  сообщил глава  Ассоциации поставщиков торговых сетей  Украины Алексей Дорошенко.\r\n\r\n«У нас цена на цитрусовые снижалась с января. У нас, как обычно, на праздники цены на цитрусовые задрали, и, соответственно, тогда она была на 20% выше (если мы берем все цитрусовые по килограмму), чем в Польше. Но если мы говорим и сравниваем сейчас, то цена выровнялась, я бы сказал, и сейчас она будет достаточно стабильной. Если будет низкий доллар (как сейчас), то, соответственно, цена будет очень даже приемлемая», - заявил эксперт.\r\n\r\nПо словам А. Дорошенко, прогноз по урожаю косточковых ягод достаточно позитивный, но при этом цена низкой не будет.\r\n\r\n«Потому что весь избыток ягод, который есть, и многих других культур идет в Европу на экспорт. Другой вопрос, что по яблокам такого нет, хоть мы их и производим в 10 раз меньше, чем в Польше. Оно у нас зачастую несортовое (то есть не те сорта, которые приняты для продажи в Европе), и плюс еще размер этих яблок отличается, он более мелкий. Поэтому я так думаю, что цена на яблоки будет держаться очень на хорошем уровне (до 15 грн за кг как сейчас), а хорошие яблоки будут стоить в два раза дороже (25-27 грн за кг). В Польше аналогичные яблоки стоят 35 грн за кг», - отметил он.', 'Цена на косточковые ягоды будет высокой, невзирая на хороший урожай – эксперт', '/pr/image/img_top.jpg', '2018-04-21', '', ''),
(39, 3, '', 'ПрАТ «АК «Київводоканал» 17 квітня за результатами тендеру замовило ТДВ «Пологівський хімічний завод «Коагулянт» (м. Пологи, Запорізька обл.) хімії на 182,48 млн грн. \r\n\r\nПро це повідомляється у системі «Прозорро».\r\n\r\nДо кінця 2020 року залізницею на умовах CPT для Дніпровської та Деснянської водопровідних станцій поставлять 15 тис т гідроксихлориду алюмінію Полвак-68 власного виробництва по 12 165 грн. за тонну.\r\n\r\nДнями криворізьке КП «Кривбасводоканал» замовило його ТОВ «Торговий будинок «Аква-Холдинг» на умовах DDP дещо дешевше – по 11 600 грн./т. А в січні ця ж фірма продала його КП «Виробниче управління водопровідно-каналізаційного господарства» із Горішніх Плавнів на умовах поставки CPT автотранспортом трохи дорожче – по 12 858 грн./т.\r\n\r\nСам «Київводоканал» у березні 2015 року замовляв «Коагулянту» оксихлорид алюмінію (це синонім, як і поліалюміній гідрохлорид) по 7 608 грн./т, що на 60% дешевше. Відтоді курс долара виріс на 11%, а також зросла мінімальна заробітна плата.\r\n\r\nЦіна нинішньої угоди на 8% нижча від очікуваної вартості закупівлі в 198,00 млн грн.\r\n\r\nФірма «Taproban AS» (Естонія) скаржилась в АМКУ, вважаючи дискримінаційною вимогу аналогічного договору за 2015-2017 роки про поставку гідроксихлориду алюмінію на підприємства водопостачання України фактичною продуктивністю не менше 100 тис куб. м на добу. На думку скаржника, це штучно обмежувало конкуренцію з наданням переваги лише тим учасникам, які здійснюють поставки саме на водоканали України.', 'Хімія для «Київводоканалу» за 182 мільйони подорожчала в півтора рази, естонців не пустили на тендер і не дали оскаржити', '/pr/image/f6998bd430a475eed7fd40fd0f3e5f62_L.jpg', '2018-04-21', '', ''),
(40, 3, '', 'НБУ планує підписати нову програму фінансування від Міжнародного валютного фонду у 2020 році.\r\n\r\nПро це передає Економічна правда.\r\n\r\n“Ключовим припущенням прогнозу є співпраця з МВФ за програмою EFF у 2018 році і підписання нової програми у 2020 році”, – написано в звіті.\r\n\r\nЯк відзначають в Нацбанку, це допоможе Україні зберегти доступ до міжнародних ринків капіталу на прогнозний рівень.\r\n\r\nУ той же час до 2020 року НБУ очікує надходження від МВФ кредитних траншів загальною сумою в 2 мільярди доларів.\r\n\r\nНагадаємо, в Україні затвердили 6 інвестиційних проектів для розвитку вугільної галузі.', 'Нацбанк планує підписати нову програму з МВФ у 2020 році', '/pr/image/NBU.jpg', '2018-04-21', '', ''),
(41, 3, '', 'Журналісти порівняли українські ціни на оренду житла, оплату комунальних послуг та інтернету, обід в ресторані, купівлю продуктів і проїзд у транспорті з цінами в європейських країнах, пише Сегодня.\r\n\r\n\r\nЯк нещодавно повідомлялося, Україна опинилася в трійці лідерів серед найдешевших країн світу згідно з дослідженням The Cost of Living Around the World 2018, яке базується на індексі Numbeo.\r\nУ рейтингу враховувалося багато різних факторів, серед яких була вартість оренди та купівлі житла, абонемент в спортзал, оплата комунальних послуг, проїзд на міському транспорті, придбання продуктів харчування в недорогих ресторанах.\r\nЗа підсумком, найдешевшими країнами виявилися Пакистан, Єгипет і Україна. Так, за даними Numbeo, середня зарплата в Україні вийшла в районі 6827 грн (263 дол.), комунальні послуги з розрахунку на 80 кв. м. – 2389 грн (92,23 дол.), проїзд в транспорті – 5 грн (0,19 дол.), оренда однокімнатної квартири – 8 253 грн (318 дол.) на місяць. Середня ціна на страву в недорогому закладі виявилася всього 100 грн (3,8 дол.), а ціна на капучіно – 23 грн (0,88 дол.).\r\nЗМІ порівняли вартість базових послуг і речей в Україні та країнах Європи, і виявилося, що майже скрізь вартість життя на 150% більша, ніж у нашій країні.\r\nТак, наприклад, чашка капучіно в Польщі обійдеться в 2,3 дол., страва в ресторані – 5,9 дол., проїзд в транспорті – 1 дол., за комунальні послуги доведеться заплатити 184,8 дол., а за оренду однокімнатної квартири – 534 дол. Водночас, середня зарплата там досягає 971 дол.\r\nНайбільша різниця вийшла зі Швецією та Францією. У Франції вартість життя на 196,96% перевищує українські показники. Середня зарплата там становить 2 350 доларів, оренда однокімнатної квартири ближче до центру міста – 834 дол., оплата комунальних послуг – 165 дол., проїзд в транспорті – 1,98 дол. Пообідати в ресторані там можна в середньому за 14,84 дол., а чашка капучіно буде коштувати 3,26.\r\n\r\nЗі Швецією теж суттєва різниця – у 184%. Середній заробіток там становить 2613 долари, оренда квартири буде коштувати 909 дол., а от комунальні послуги тут навіть дешевші, ніж в Україні – 78,4 долара. Одна страва в ресторані коштує близько 12 дол., а чашка капучіно аж 4,11 дол.\r\nПодібна ситуація і з продуктами харчування. Наприклад, хліб у нас коштує 0,3 долари, літра молока – 0,73 долари, а кілограм курячого філе – 2,96 долари. Хліб найдорожчий у Чехії – 2,44 долари, у Франції – 1,69 дол., в Німеччині – 1,41 дол., а в Італії – 1,85 дол.\r\nЦікаво відзначити, що в Україні дуже дешевий інтернет. Якщо в Німеччині за місяць користування безлімітним інтернетом потрібно віддати більш ніж 34 долари, в Греції – 31 долар, в Польщі – 14,8, то в Україні користування інтернетом коштує всього 4,19 долара на місяць.', 'В Україні найдешевше життя в Європі?', '/pr/image/Screenshot_4-1.jpg', '2018-04-21', '', ''),
(42, 3, '', 'Національний банк України має намір підписати нову програму фінансування від Міжнародного валютного фонду в 2020 році\r\n\r\n\r\nПро це йдеться у квітневому інфляційному звіті НБУ, передає Depo.ua.\r\n\r\n"Ключовим припущенням макроекономічного прогнозу залишається подальша співпраця з Міжнародним валютним фондом. Це дасть змогу зберегти доступ до офіційного фінансування і від інших організацій, а також до міжнародних ринків капіталу на прогнозному горизонті", - йдеться в звіті.\r\n\r\nРегулятор очікує до 2020 року надходження від МВФ кредитних траншів загальною сумою в 2 млрд доларів.\r\n\r\nНацбанк вважає, що це дасть змогу збільшити міжнародні резерви до 21,6 млрд доларів на кінець 2018 року. "Однак у 2019 та 2020 роках через пікові виплати за зовнішнім державним боргом очікується формування дефіциту зведеного платіжного балансу та скорочення міжнародних резервів", - прознозують в НБУ.\r\n\r\nНагадаємо, 7 березня МВФ назвав пріоритетом для України підвищення цін на газ.\r\n\r\n8 березня в МВФ заявили, що поки не визначили дату візиту оціночної місії до України з метою завершення перегляду та виділення наступного траншу.\r\n\r\nТакож МВФ вимагає від України перегляду ціни на газ.\r\n', 'НБУ готує нову фінпрограму з МВФ', '', '0000-00-00', '', ''),
(43, 3, '', 'Роста цен на газ для населения в Украине не произойдет без утверждения прозрачной формулы ценообразования на газовом рынке.\r\n\r\nОб этом в кулуарах парламента заявил вице-премьер-министр Павел Розенко.\r\n\r\n"Говорить о повышении цены на газ недопустимо. Я убежден, что никакого повышения цены на газ не будет, пока не будет утверждена абсолютно четкая и прозрачная формула ценообразования на газовом рынке. Это касается наших граждан – все должны понимать, как образуется цена на газ", – подчеркнул Розенко.\r\n\r\nНапомним, Кабмин оставил неизменным тариф на газ для населения до июня 2018 года. Так, на заседании 28 марта правительство продлило действие постановления "Об утверждении Положения о возложении специальных обязательств на субъектов рынка газа" до 1 июня 2018 года.\r\n\r\nСрок действия постановления истекал 1 апреля. Если бы Кабмин его не продлил, в стране пришлось бы пересматривать цены на газ из-за того, что вступил бы в силу другой документ – постановление от 22 марта 2017 года. Однако в методике, предложенной в этом постановлении, не учитывается стоимость закупок газа из-за границы – тот самый "импортный паритет". И формула пересмотра еще не готова.\r\n\r\nРешение о том, как именно будет учитываться импортный паритет, Украина примет после консультаций с МВФ, Всемирным банком и Европейским энергосообществом. Ранее в МВФ отметили: цена на газ для населения должна равняться цене для импортеров. Этот вопрос остается под пристальным вниманием Фонда.\r\n\r\nДо тех пор цена на газ для населения останется на уровне 4,942 грн за кубометр. Отметим, цена составляет только часть тарифа на газ – кроме закупочной цены, в тариф заложены также налоги и расходы на транспортировку газа. При этом, как сообщал министр финансов Александр Данилюк, в результате разработки нового механизма расчетов тарифы на газ могут не только не вырасти, но и снизиться.\r\n\r\nРешения Кабмина касаются только цен газа для населения. Цену газа для промышленности формирует рынок.', 'В Кабмине назвали условия повышения цены на газ', '', '2018-04-21', '', ''),
(44, 3, '', 'Акционеры ПАО "Покровский горно-обогатительный комбинат" (бывший Орджоникидзевский ГОК, ОГОК, Днепропетровская обл.) переизбрали наблюдательный совет (НС), правление и ревизионную комиссию на новый срок в тех же составах. Как сообщила компания в системе раскрытия информации НКЦБФР, кадровые вопросы рассмотрело общее собрание акционеров 18 апреля текущего года. Акционеры переназначили на очередной срок председателя правления предприятия Сергея Шуваева, членов правления Виктора Бондарца, Дмитрия Мащенко, Наталью Бугайцеву, Виталия Бочарова, Юрия Коркодолу, Людмилу Сорокину, Олега Черемушкина и Сергея Котий. Собрание также переизбрало в НС Владимира Постоловского, Игоря Дикуна, Сергея Хапатько, Татьяну Акимову, Михаила Трояна, Игоря Юрченко, Дмитрия Аршинова и Николая Сарафанова. Акционеры переизбрали в ревизионную комиссию Кирилла Игнатюка, Юлию Селезневу, Андрея Капука и Вячеслава Пашенцева. В информации ПГОКа также сообщается, что собрание в целом рассмотрело 20 вопросов, касающихся деятельности предприятия. В собрании приняли участие акционеры и их представители, владеющие 97,4676% акций. Акционеры приняли решение сменить тип общества с ПАО на ЧАО. В связи с переименованием и изменением типа предприятия, внесены соответствующие изменения в устав, который был утвержден акционерами в новой редакции. Как сообщалось, ПГОК по итогам работы в 2017 году получил чистую прибыль в размере 655,988 млн грн, в то время как 2016 год завершил с чистым убытком 112,225 млн грн, нераспределенная прибыль к концу прошлого года составила 1 млрд 114,372 млн грн. Покровский ГОК - крупнейший в Украине производитель марганцевой руды, который ведет ее добычу открытым способом. По данным НДУ на четвертый квартал 2017 года, в собственности четырех кипрских компаний - Profetis Enterprises Limited, Exseed Investmens Limited, Clemente Enterprises Limited и Alexton Holdings Limited (все – Кипр) – находится по 24,3024% акций предприятия. Уставный капитал ПАО составляет 736,134 млн грн, номинал акции – 0,25 грн.', 'Акционеры "Покровский горно-обогатительный комбинат" переизбрали набсовет, правление и ревизионную комиссию на новый срок в тех же составах', '', '2018-04-21', '', ''),
(45, 3, '', 'С точки зрения либерализма никакой денежной помощи производителям быть не должно. Но что делать если государство таки выделяет деньги на что-то. Что можно делать чтобы использовать их эффективно?\r\n\r\nОбычно, у нас в государстве деньги выделяются каким то ассоциациям, которые сами решают на что распределить деньги. К сожалению история показала, что такой путь в Украине нормально не работает и сопряжен с прямой коррупцией, когда большинство денег даже не доходит до производителей или тех кто мог ими распорядится эффективно.\r\nПоэтому с моей точки зрения главной целью подобной практики должна быть одна цель: формирование стимулов роста экономики и увеличения нашего ВВП, как основы благосостояния граждан.\r\n\r\nКак этого достичь конечно зависит от формирования взвешенных политик стимулирования.\r\nНапример у нас в стране, несмотря на бурный рост сельского хозяйства, до сих пор уменьшается или остаётся на одном уровне производство молока и мяса. А селяне и фермеры часто пускают на убой только родившихся телят.\r\nМне понравилось предложение Министерства аграрной политики по стимулированию производства мяса в государстве. В этом году открыта программа поддержки фермеров и частников, в рамках которой каждому гражданину государство выделяет 2500 гривен на безвозвратной основе, если он удерживает у себя телят до 12 месяцев.\r\nЭто должно как стимулировать рост производства мяса так и возможно немного снизить цены на мясную продукцию в случае насыщения рынка.\r\nДаниил МОНИН', 'Формирование стимулов роста экономики и увеличения нашего ВВП, как основы благосостояния граждан', '/pr/image/30742949_2366220573444182_7852992486955916309_n_500x317.jpg', '2018-04-21', '', '');

-- --------------------------------------------------------

--
-- Структура таблицы `users`
--

CREATE TABLE IF NOT EXISTS `users` (
  `user_id` int(255) NOT NULL,
  `user_name` varchar(255) NOT NULL,
  `password` varchar(255) NOT NULL
) ENGINE=MyISAM AUTO_INCREMENT=3 DEFAULT CHARSET=utf8;

--
-- Дамп данных таблицы `users`
--

INSERT INTO `users` (`user_id`, `user_name`, `password`) VALUES
(1, 'Aleks', '1234'),
(2, 'Petr', '5678');

--
-- Индексы сохранённых таблиц
--

--
-- Индексы таблицы `categories`
--
ALTER TABLE `categories`
  ADD PRIMARY KEY (`category_id`);

--
-- Индексы таблицы `information`
--
ALTER TABLE `information`
  ADD PRIMARY KEY (`information_id`);

--
-- Индексы таблицы `news`
--
ALTER TABLE `news`
  ADD PRIMARY KEY (`news_id`);

--
-- Индексы таблицы `users`
--
ALTER TABLE `users`
  ADD PRIMARY KEY (`user_id`);

--
-- AUTO_INCREMENT для сохранённых таблиц
--

--
-- AUTO_INCREMENT для таблицы `categories`
--
ALTER TABLE `categories`
  MODIFY `category_id` int(11) NOT NULL AUTO_INCREMENT,AUTO_INCREMENT=57;
--
-- AUTO_INCREMENT для таблицы `information`
--
ALTER TABLE `information`
  MODIFY `information_id` int(11) NOT NULL AUTO_INCREMENT,AUTO_INCREMENT=13;
--
-- AUTO_INCREMENT для таблицы `news`
--
ALTER TABLE `news`
  MODIFY `news_id` int(11) NOT NULL AUTO_INCREMENT,AUTO_INCREMENT=57;
--
-- AUTO_INCREMENT для таблицы `users`
--
ALTER TABLE `users`
  MODIFY `user_id` int(255) NOT NULL AUTO_INCREMENT,AUTO_INCREMENT=3;
/*!40101 SET CHARACTER_SET_CLIENT=@OLD_CHARACTER_SET_CLIENT */;
/*!40101 SET CHARACTER_SET_RESULTS=@OLD_CHARACTER_SET_RESULTS */;
/*!40101 SET COLLATION_CONNECTION=@OLD_COLLATION_CONNECTION */;
